Sub-Saharan Africa,Mali,Meat,Online,L,7/14/2012,286014306,8/15/2012,6844,421.89,364.69,2887415.16,2495938.36,391476.80
Middle East and North Africa,Somalia,Cereal,Offline,C,6/25/2015,215434443,6/30/2015,694,205.70,117.11,142755.80,81274.34,61481.46
Middle East and North Africa,Kuwait,Snacks,Online,L,10/26/2011,489784085,11/1/2011,6850,152.58,97.44,1045173.00,667464.00,377709.00
Sub-Saharan Africa,Liberia,Office Supplies,Offline,C,9/24/2014,459112060,10/12/2014,316,651.21,524.96,205782.36,165887.36,39895.00
Asia,China,Office Supplies,Online,C,9/30/2015,893779695,11/7/2015,8128,651.21,524.96,5293034.88,4266874.88,1026160.00
Europe,Andorra,Meat,Offline,M,3/31/2011,834460818,3/31/2011,4355,421.89,364.69,1837330.95,1588224.95,249106.00
Sub-Saharan Africa,Niger,Beverages,Online,C,10/25/2013,742141759,10/28/2013,5093,47.45,31.79,241662.85,161906.47,79756.38
Europe,Hungary,Vegetables,Offline,M,8/12/2010,248121345,9/14/2010,3475,154.06,90.93,535358.50,315981.75,219376.75
Europe,Monaco,Clothes,Offline,M,7/26/2012,404010903,9/4/2012,4659,109.28,35.84,509135.52,166978.56,342156.96
Australia and Oceania,Tuvalu,Household,Online,L,9/30/2012,531734263,10/12/2012,840,668.27,502.54,561346.80,422133.60,139213.20
Sub-Saharan Africa,South Sudan,Baby Food,Online,C,11/9/2012,473527753,12/29/2012,6240,255.28,159.42,1592947.20,994780.80,598166.40
Europe,Cyprus,Cereal,Offline,M,11/19/2011,141940200,1/2/2012,2114,205.70,117.11,434849.80,247570.54,187279.26
Europe,Poland,Household,Offline,M,6/9/2017,869832932,7/25/2017,1749,668.27,502.54,1168804.23,878942.46,289861.77
Sub-Saharan Africa,Liberia,Snacks,Online,H,9/17/2011,460379779,11/4/2011,5462,152.58,97.44,833391.96,532217.28,301174.68
Sub-Saharan Africa,Cote d'Ivoire,Vegetables,Online,C,10/23/2015,837067067,10/26/2015,5602,154.06,90.93,863044.12,509389.86,353654.26
Asia,Kyrgyzstan,Beverages,Online,C,4/3/2010,393693625,4/9/2010,1547,47.45,31.79,73405.15,49179.13,24226.02
Europe,Slovakia,Vegetables,Offline,L,7/3/2014,744370782,7/14/2014,4711,154.06,90.93,725776.66,428371.23,297405.43
Asia,Malaysia,Cosmetics,Offline,M,12/30/2014,873522365,1/13/2015,3534,437.20,263.33,1545064.80,930608.22,614456.58
Sub-Saharan Africa,Liberia,Beverages,Online,L,5/19/2014,285884702,6/10/2014,8491,47.45,31.79,402897.95,269928.89,132969.06
Australia and Oceania,Vanuatu,Cosmetics,Online,H,8/4/2012,356506621,9/3/2012,7086,437.20,263.33,3097999.20,1865956.38,1232042.82
Australia and Oceania,Kiribati,Baby Food,Offline,L,8/15/2010,280749452,10/1/2010,8856,255.28,159.42,2260759.68,1411823.52,848936.16
Middle East and North Africa,Turkey,Baby Food,Online,M,4/26/2014,224287021,5/17/2014,368,255.28,159.42,93943.04,58666.56,35276.48
Europe,San Marino,Fruits,Offline,M,6/10/2015,873105657,6/23/2015,221,9.33,6.92,2061.93,1529.32,532.61
Europe,Vatican City,Snacks,Offline,C,8/12/2010,283504188,9/2/2010,4044,152.58,97.44,617033.52,394047.36,222986.16
Middle East and North Africa,Morocco,Beverages,Offline,C,8/28/2012,632093942,9/5/2012,9499,47.45,31.79,450727.55,301973.21,148754.34
Sub-Saharan Africa,Equatorial Guinea,Meat,Offline,L,7/15/2016,565798747,8/9/2016,1277,421.89,364.69,538753.53,465709.13,73044.40
Middle East and North Africa,Jordan,Vegetables,Online,M,9/14/2010,151854932,10/19/2010,6104,154.06,90.93,940382.24,555036.72,385345.52
Asia,Kyrgyzstan,Vegetables,Online,H,3/7/2011,427811324,4/16/2011,7733,154.06,90.93,1191345.98,703161.69,488184.29
Sub-Saharan Africa,Republic of the Congo,Fruits,Online,L,4/30/2012,251529252,5/5/2012,1950,9.33,6.92,18193.50,13494.00,4699.50
Australia and Oceania,East Timor,Snacks,Offline,C,5/18/2013,351182544,6/22/2013,1574,152.58,97.44,240160.92,153370.56,86790.36
Europe,Estonia,Meat,Offline,H,8/10/2014,175257527,9/25/2014,1452,421.89,364.69,612584.28,529529.88,83054.40
Asia,Bangladesh,Snacks,Online,H,7/31/2013,142553031,9/11/2013,3465,152.58,97.44,528689.70,337629.60,191060.10
Sub-Saharan Africa,Senegal,Fruits,Offline,H,7/2/2016,292180383,8/15/2016,1523,9.33,6.92,14209.59,10539.16,3670.43
Middle East and North Africa,Pakistan,Fruits,Offline,L,9/13/2011,733563411,9/20/2011,6569,9.33,6.92,61288.77,45457.48,15831.29
Europe,Czech Republic,Beverages,Online,H,4/18/2011,296438443,4/19/2011,1578,47.45,31.79,74876.10,50164.62,24711.48
Sub-Saharan Africa,Ghana,Meat,Offline,C,2/9/2017,580854308,3/18/2017,6552,421.89,364.69,2764223.28,2389448.88,374774.40
Asia,Japan,Cosmetics,Offline,H,11/20/2016,107172334,12/23/2016,3530,437.20,263.33,1543316.00,929554.90,613761.10
Asia,Kazakhstan,Baby Food,Offline,H,10/16/2010,166066348,12/5/2010,1578,255.28,159.42,402831.84,251564.76,151267.08
Central America and the Caribbean,The Bahamas,Snacks,Offline,H,3/15/2015,768522679,3/27/2015,1794,152.58,97.44,273728.52,174807.36,98921.16
Sub-Saharan Africa,Ethiopia,Household,Online,M,6/25/2013,195840156,7/25/2013,2309,668.27,502.54,1543035.43,1160364.86,382670.57
Sub-Saharan Africa,Burkina Faso,Cosmetics,Offline,L,10/11/2012,849630105,11/9/2012,3284,437.20,263.33,1435764.80,864775.72,570989.08
Sub-Saharan Africa,Madagascar,Fruits,Offline,M,7/8/2017,701816356,7/30/2017,1910,9.33,6.92,17820.30,13217.20,4603.10
Europe,Netherlands,Office Supplies,Online,M,6/22/2010,944635236,7/27/2010,7413,651.21,524.96,4827419.73,3891528.48,935891.25
Europe,Greece,Vegetables,Online,L,2/17/2017,140635573,3/21/2017,6046,154.06,90.93,931446.76,549762.78,381683.98
Middle East and North Africa,Egypt,Meat,Online,C,1/14/2011,972678697,2/25/2011,6096,421.89,364.69,2571841.44,2223150.24,348691.20
Sub-Saharan Africa,South Sudan,Fruits,Online,M,1/9/2016,793938434,2/8/2016,2880,9.33,6.92,26870.40,19929.60,6940.80
Europe,Kosovo,Baby Food,Online,L,7/18/2011,177901113,8/13/2011,3747,255.28,159.42,956534.16,597346.74,359187.42
Asia,Brunei,Beverages,Online,L,3/16/2012,668365561,5/4/2012,3077,47.45,31.79,146003.65,97817.83,48185.82
Australia and Oceania,Australia,Vegetables,Online,C,12/15/2010,729443109,1/12/2011,7281,154.06,90.93,1121710.86,662061.33,459649.53
Sub-Saharan Africa,Cape Verde,Fruits,Offline,H,3/2/2013,695557582,4/3/2013,9800,9.33,6.92,91434.00,67816.00,23618.00
Sub-Saharan Africa,Malawi,Household,Offline,H,2/17/2010,521445310,4/4/2010,6110,668.27,502.54,4083129.70,3070519.40,1012610.30
Asia,Philippines,Personal Care,Online,L,2/19/2013,232155120,3/30/2013,8714,81.73,56.67,712195.22,493822.38,218372.84
Europe,Estonia,Beverages,Online,L,10/28/2011,373048341,12/12/2011,2149,47.45,31.79,101970.05,68316.71,33653.34
Central America and the Caribbean,Trinidad and Tobago,Office Supplies,Offline,L,10/26/2015,659798800,12/2/2015,7982,651.21,524.96,5197958.22,4190230.72,1007727.50
Asia,Mongolia,Household,Online,C,2/5/2013,428392827,2/5/2013,9812,668.27,502.54,6557065.24,4930922.48,1626142.76
Asia,Japan,Personal Care,Offline,M,8/25/2011,885129249,9/3/2011,8269,81.73,56.67,675825.37,468604.23,207221.14
Sub-Saharan Africa,Niger,Meat,Online,C,12/4/2012,156619393,12/5/2012,6014,421.89,364.69,2537246.46,2193245.66,344000.80
Middle East and North Africa,Egypt,Baby Food,Offline,M,9/8/2015,939787089,9/9/2015,2739,255.28,159.42,699211.92,436651.38,262560.54
Central America and the Caribbean,Saint Lucia,Vegetables,Online,C,3/1/2012,151868665,4/19/2012,168,154.06,90.93,25882.08,15276.24,10605.84
Middle East and North Africa,Qatar,Cereal,Offline,C,8/5/2014,180412948,8/24/2014,7055,205.70,117.11,1451213.50,826211.05,625002.45
Sub-Saharan Africa,Mali,Fruits,Offline,H,7/24/2013,333281266,7/28/2013,4188,9.33,6.92,39074.04,28980.96,10093.08
Central America and the Caribbean,Saint Lucia,Cosmetics,Online,L,1/26/2012,888647449,2/28/2012,9383,437.20,263.33,4102247.60,2470825.39,1631422.21
Sub-Saharan Africa,Swaziland,Clothes,Offline,M,3/10/2014,844997823,4/26/2014,2488,109.28,35.84,271888.64,89169.92,182718.72
Asia,Mongolia,Fruits,Online,M,9/12/2013,171131217,10/8/2013,385,9.33,6.92,3592.05,2664.20,927.85
Sub-Saharan Africa,Botswana,Office Supplies,Online,C,1/5/2013,256158959,1/18/2013,1983,651.21,524.96,1291349.43,1040995.68,250353.75
Europe,San Marino,Cosmetics,Online,H,10/28/2011,759504878,12/8/2011,3226,437.20,263.33,1410407.20,849502.58,560904.62
Middle East and North Africa,Oman,Fruits,Online,C,11/21/2010,960905301,11/25/2010,2087,9.33,6.92,19471.71,14442.04,5029.67
Asia,Bangladesh,Office Supplies,Offline,C,10/28/2015,210409057,12/4/2015,3570,651.21,524.96,2324819.70,1874107.20,450712.50
Sub-Saharan Africa,Namibia,Cosmetics,Offline,C,7/29/2010,178377473,9/1/2010,4713,437.20,263.33,2060523.60,1241074.29,819449.31
Asia,Mongolia,Fruits,Online,M,3/30/2014,805484378,5/1/2014,9582,9.33,6.92,89400.06,66307.44,23092.62
Asia,North Korea,Beverages,Online,C,9/14/2016,752716100,10/12/2016,4276,47.45,31.79,202896.20,135934.04,66962.16
Europe,Latvia,Clothes,Online,M,9/6/2012,551371467,9/15/2012,1925,109.28,35.84,210364.00,68992.00,141372.00
Sub-Saharan Africa,Burundi,Snacks,Offline,M,2/8/2013,353061807,3/5/2013,7689,152.58,97.44,1173187.62,749216.16,423971.46
Sub-Saharan Africa,Seychelles ,Personal Care,Online,C,1/17/2011,379710948,1/30/2011,3762,81.73,56.67,307468.26,213192.54,94275.72
Sub-Saharan Africa,Kenya,Cereal,Online,H,10/11/2015,473555219,11/6/2015,4368,205.70,117.11,898497.60,511536.48,386961.12
Sub-Saharan Africa,Benin,Office Supplies,Online,C,2/21/2011,547143447,2/23/2011,760,651.21,524.96,494919.60,398969.60,95950.00
Central America and the Caribbean,Saint Lucia,Personal Care,Online,C,4/29/2012,133336961,6/13/2012,6225,81.73,56.67,508769.25,352770.75,155998.50
Middle East and North Africa,Qatar,Meat,Online,H,8/30/2016,635309588,10/14/2016,1080,421.89,364.69,455641.20,393865.20,61776.00
Sub-Saharan Africa,Mozambique,Beverages,Online,C,12/20/2014,376547658,12/26/2014,7675,47.45,31.79,364178.75,243988.25,120190.50
Middle East and North Africa,Pakistan,Clothes,Offline,M,6/28/2010,450849997,7/21/2010,5388,109.28,35.84,588800.64,193105.92,395694.72
Asia,Taiwan,Personal Care,Online,M,2/6/2015,672327935,2/6/2015,5631,81.73,56.67,460221.63,319108.77,141112.86
Central America and the Caribbean,Cuba,Cereal,Offline,L,3/30/2015,925405299,5/1/2015,6847,205.70,117.11,1408427.90,801852.17,606575.73
Central America and the Caribbean,Cuba,Household,Offline,H,7/28/2013,714818418,8/24/2013,9509,668.27,502.54,6354579.43,4778652.86,1575926.57
Europe,Russia,Beverages,Offline,C,1/6/2010,515616118,2/5/2010,1122,47.45,31.79,53238.90,35668.38,17570.52
Europe,Switzerland,Cereal,Offline,C,2/20/2013,423159730,4/11/2013,1222,205.70,117.11,251365.40,143108.42,108256.98
Europe,Czech Republic,Personal Care,Offline,H,8/25/2013,603123080,9/29/2013,6377,81.73,56.67,521192.21,361384.59,159807.62
Europe,Poland,Meat,Offline,C,11/16/2010,841492497,12/31/2010,5185,421.89,364.69,2187499.65,1890917.65,296582.00
Sub-Saharan Africa,Mauritius ,Cereal,Offline,L,8/2/2016,994566810,9/1/2016,3275,205.70,117.11,673667.50,383535.25,290132.25
Middle East and North Africa,Pakistan,Vegetables,Offline,M,4/25/2013,538957345,4/25/2013,8310,154.06,90.93,1280238.60,755628.30,524610.30
Sub-Saharan Africa,South Africa,Fruits,Offline,L,3/2/2011,821587932,3/11/2011,4981,9.33,6.92,46472.73,34468.52,12004.21
Sub-Saharan Africa,Seychelles ,Household,Online,C,9/28/2013,109694898,10/16/2013,13,668.27,502.54,8687.51,6533.02,2154.49
Sub-Saharan Africa,Benin,Meat,Offline,M,5/5/2014,340827071,6/5/2014,7159,421.89,364.69,3020310.51,2610815.71,409494.80
Sub-Saharan Africa,Benin,Meat,Offline,L,11/28/2014,372845780,12/9/2014,2207,421.89,364.69,931111.23,804870.83,126240.40
Central America and the Caribbean,Nicaragua,Fruits,Online,M,8/30/2014,933924853,9/13/2014,7973,9.33,6.92,74388.09,55173.16,19214.93
Middle East and North Africa,Lebanon,Office Supplies,Online,L,11/20/2013,572550618,11/25/2013,9306,651.21,524.96,6060160.26,4885277.76,1174882.50
Europe,Moldova ,Meat,Online,M,2/23/2010,607521903,4/5/2010,8086,421.89,364.69,3411402.54,2948883.34,462519.20
Middle East and North Africa,Tunisia ,Snacks,Online,H,3/20/2017,177950036,4/29/2017,8225,152.58,97.44,1254970.50,801444.00,453526.50
Australia and Oceania,Vanuatu,Beverages,Offline,M,11/8/2015,293258845,11/14/2015,664,47.45,31.79,31506.80,21108.56,10398.24
Sub-Saharan Africa,South Sudan,Beverages,Online,C,8/9/2010,683184659,8/23/2010,8377,47.45,31.79,397488.65,266304.83,131183.82
Europe,Sweden,Cereal,Online,L,11/12/2010,247776305,11/30/2010,1370,205.70,117.11,281809.00,160440.70,121368.30
Europe,Ireland,Meat,Offline,C,12/14/2011,207395112,1/26/2012,1677,421.89,364.69,707509.53,611585.13,95924.40
Europe,Italy,Vegetables,Offline,L,1/10/2014,952714908,2/25/2014,8367,154.06,90.93,1289020.02,760811.31,528208.71
Europe,Bosnia and Herzegovina,Vegetables,Online,C,10/3/2010,694722020,10/3/2010,2539,154.06,90.93,391158.34,230871.27,160287.07
Europe,Bosnia and Herzegovina,Household,Online,H,10/15/2015,414715278,11/4/2015,2321,668.27,502.54,1551054.67,1166395.34,384659.33
Europe,Poland,Snacks,Offline,M,7/20/2013,714306008,8/17/2013,7876,152.58,97.44,1201720.08,767437.44,434282.64
Middle East and North Africa,Kuwait,Snacks,Online,H,1/19/2016,465418040,2/26/2016,6396,152.58,97.44,975901.68,623226.24,352675.44
Sub-Saharan Africa,Sudan,Cereal,Online,M,8/17/2013,860287702,9/11/2013,7103,205.70,117.11,1461087.10,831832.33,629254.77
Middle East and North Africa,Saudi Arabia,Vegetables,Online,C,8/16/2016,461463820,8/20/2016,6254,154.06,90.93,963491.24,568676.22,394815.02
Sub-Saharan Africa,Swaziland,Baby Food,Offline,M,9/25/2013,151807725,9/29/2013,2134,255.28,159.42,544767.52,340202.28,204565.24
Sub-Saharan Africa,Rwanda,Meat,Offline,C,8/21/2013,884493243,10/2/2013,61,421.89,364.69,25735.29,22246.09,3489.20
Asia,Cambodia,Cosmetics,Offline,M,12/10/2010,533006703,1/23/2011,7383,437.20,263.33,3227847.60,1944165.39,1283682.21
Sub-Saharan Africa,Central African Republic,Vegetables,Online,C,9/4/2012,641146934,10/4/2012,8480,154.06,90.93,1306428.80,771086.40,535342.40
Asia,Maldives,Cosmetics,Offline,M,10/15/2011,573025262,11/14/2011,9764,437.20,263.33,4268820.80,2571154.12,1697666.68
Sub-Saharan Africa,Djibouti,Household,Offline,C,8/26/2013,663065516,9/9/2013,4676,668.27,502.54,3124830.52,2349877.04,774953.48
Asia,Tajikistan,Beverages,Online,M,2/17/2017,866004025,3/4/2017,8691,47.45,31.79,412387.95,276286.89,136101.06
Asia,Sri Lanka,Baby Food,Online,H,10/19/2010,306889617,10/21/2010,4312,255.28,159.42,1100767.36,687419.04,413348.32
Europe,Montenegro,Personal Care,Online,M,7/30/2014,431083619,8/10/2014,6077,81.73,56.67,496673.21,344383.59,152289.62
Middle East and North Africa,United Arab Emirates,Personal Care,Online,H,5/21/2015,954259860,6/4/2015,5553,81.73,56.67,453846.69,314688.51,139158.18
Central America and the Caribbean,Dominican Republic,Personal Care,Offline,C,5/5/2016,312404668,6/21/2016,6338,81.73,56.67,518004.74,359174.46,158830.28
Sub-Saharan Africa,Seychelles ,Office Supplies,Offline,C,4/14/2010,611816871,5/16/2010,9063,651.21,524.96,5901916.23,4757712.48,1144203.75
Europe,Iceland,Office Supplies,Online,C,10/26/2013,879107797,11/2/2013,6388,651.21,524.96,4159929.48,3353444.48,806485.00
Sub-Saharan Africa,Nigeria,Vegetables,Offline,C,7/21/2010,211201274,9/9/2010,8005,154.06,90.93,1233250.30,727894.65,505355.65
Sub-Saharan Africa,Rwanda,Fruits,Online,H,6/9/2015,925333631,7/25/2015,5639,9.33,6.92,52611.87,39021.88,13589.99
Europe,Hungary,Snacks,Offline,C,6/3/2010,909053695,6/27/2010,8044,152.58,97.44,1227353.52,783807.36,443546.16
Europe,Belarus,Baby Food,Online,L,5/17/2016,370222795,6/11/2016,6007,255.28,159.42,1533466.96,957635.94,575831.02
Sub-Saharan Africa,South Sudan,Cosmetics,Offline,H,8/3/2013,487014758,8/30/2013,7344,437.20,263.33,3210796.80,1933895.52,1276901.28
Europe,Andorra,Vegetables,Online,M,9/15/2013,257915914,10/6/2013,1905,154.06,90.93,293484.30,173221.65,120262.65
Asia,Japan,Meat,Offline,M,7/2/2010,551725089,8/10/2010,6569,421.89,364.69,2771395.41,2395648.61,375746.80
Central America and the Caribbean,El Salvador,Meat,Offline,L,12/18/2013,957553613,1/10/2014,248,421.89,364.69,104628.72,90443.12,14185.60
Sub-Saharan Africa,Kenya,Office Supplies,Offline,L,3/19/2016,234825313,3/23/2016,8883,651.21,524.96,5784698.43,4663219.68,1121478.75
Europe,Bosnia and Herzegovina,Snacks,Online,M,6/9/2010,363276517,7/9/2010,449,152.58,97.44,68508.42,43750.56,24757.86
Europe,Andorra,Personal Care,Online,M,5/21/2017,692956054,6/23/2017,9950,81.73,56.67,813213.50,563866.50,249347.00
Sub-Saharan Africa,Cape Verde,Cosmetics,Online,H,6/12/2013,194225251,6/19/2013,4423,437.20,263.33,1933735.60,1164708.59,769027.01
Australia and Oceania,Nauru,Fruits,Online,L,2/22/2010,607757937,4/5/2010,7934,9.33,6.92,74024.22,54903.28,19120.94
Europe,Czech Republic,Cereal,Offline,H,6/29/2012,594540441,7/30/2012,6583,205.70,117.11,1354123.10,770935.13,583187.97
Europe,Serbia,Vegetables,Online,L,3/23/2015,685871589,4/5/2015,3500,154.06,90.93,539210.00,318255.00,220955.00
Australia and Oceania,Tuvalu,Cereal,Offline,C,2/12/2014,133362710,3/23/2014,3844,205.70,117.11,790710.80,450170.84,340539.96
Sub-Saharan Africa,Madagascar,Clothes,Offline,H,5/22/2017,958937633,7/5/2017,9810,109.28,35.84,1072036.80,351590.40,720446.40
Sub-Saharan Africa,Ethiopia,Vegetables,Online,C,8/6/2011,304832684,9/6/2011,5620,154.06,90.93,865817.20,511026.60,354790.60
Asia,Malaysia,Baby Food,Offline,L,11/14/2010,783596694,12/24/2010,2530,255.28,159.42,645858.40,403332.60,242525.80
Sub-Saharan Africa,Tanzania,Household,Offline,C,4/5/2015,128090989,4/27/2015,3825,668.27,502.54,2556132.75,1922215.50,633917.25
Sub-Saharan Africa,Cote d'Ivoire,Vegetables,Offline,M,7/8/2014,641489398,7/28/2014,9823,154.06,90.93,1513331.38,893205.39,620125.99
Australia and Oceania,Solomon Islands,Clothes,Offline,M,8/9/2014,647278249,9/16/2014,2873,109.28,35.84,313961.44,102968.32,210993.12
Europe,Netherlands,Clothes,Online,H,3/13/2011,339256370,3/31/2011,2354,109.28,35.84,257245.12,84367.36,172877.76
Sub-Saharan Africa,Mali,Baby Food,Offline,M,3/2/2016,431535089,3/19/2016,9677,255.28,159.42,2470344.56,1542707.34,927637.22
Middle East and North Africa,Afghanistan,Cereal,Offline,C,12/19/2015,808538234,1/16/2016,3286,205.70,117.11,675930.20,384823.46,291106.74
Europe,Moldova ,Personal Care,Online,C,3/28/2013,975002133,4/7/2013,3653,81.73,56.67,298559.69,207015.51,91544.18
Asia,Bhutan,Snacks,Online,H,6/27/2015,505975615,7/4/2015,8283,152.58,97.44,1263820.14,807095.52,456724.62
Asia,Vietnam,Vegetables,Offline,M,2/18/2016,396820008,3/20/2016,6714,154.06,90.93,1034358.84,610504.02,423854.82
Europe,Portugal,Vegetables,Online,H,6/14/2013,813209140,7/10/2013,5511,154.06,90.93,849024.66,501115.23,347909.43
Europe,Spain,Baby Food,Online,M,5/10/2014,641129338,5/14/2014,3273,255.28,159.42,835531.44,521781.66,313749.78
Middle East and North Africa,Egypt,Meat,Offline,C,6/17/2015,636879432,7/3/2015,5632,421.89,364.69,2376084.48,2053934.08,322150.40
Europe,Belgium,Snacks,Online,C,6/11/2014,277070748,7/2/2014,246,152.58,97.44,37534.68,23970.24,13564.44
Asia,Malaysia,Cosmetics,Offline,H,11/3/2013,908627116,11/24/2013,1810,437.20,263.33,791332.00,476627.30,314704.70
Central America and the Caribbean,Dominican Republic,Cosmetics,Offline,C,4/2/2017,798784863,5/2/2017,7047,437.20,263.33,3080948.40,1855686.51,1225261.89
Europe,Estonia,Beverages,Offline,H,5/28/2010,985092818,7/17/2010,9711,47.45,31.79,460786.95,308712.69,152074.26
Sub-Saharan Africa,Burundi,Snacks,Offline,C,5/22/2010,325412309,7/7/2010,5588,152.58,97.44,852617.04,544494.72,308122.32
Europe,Latvia,Beverages,Online,M,6/2/2016,447917163,6/24/2016,7497,47.45,31.79,355732.65,238329.63,117403.02
Asia,Tajikistan,Meat,Offline,M,8/22/2013,801093709,10/5/2013,285,421.89,364.69,120238.65,103936.65,16302.00
Sub-Saharan Africa,Zimbabwe,Fruits,Offline,H,10/5/2014,903740775,10/23/2014,5833,9.33,6.92,54421.89,40364.36,14057.53
Sub-Saharan Africa,Comoros,Meat,Offline,L,10/31/2010,794969689,11/13/2010,8052,421.89,364.69,3397058.28,2936483.88,460574.40
Sub-Saharan Africa,Namibia,Clothes,Online,L,11/27/2012,584204280,1/1/2013,7884,109.28,35.84,861563.52,282562.56,579000.96
Europe,Slovenia,Cereal,Offline,H,5/22/2010,901180875,5/26/2010,8302,205.70,117.11,1707721.40,972247.22,735474.18
Europe,Bulgaria,Snacks,Offline,L,8/31/2012,645948302,9/29/2012,9312,152.58,97.44,1420824.96,907361.28,513463.68
Sub-Saharan Africa,Guinea-Bissau,Cereal,Online,L,1/23/2015,138867890,2/22/2015,2950,205.70,117.11,606815.00,345474.50,261340.50
Sub-Saharan Africa,Lesotho,Beverages,Offline,L,3/2/2010,670613467,3/21/2010,8282,47.45,31.79,392980.90,263284.78,129696.12
Asia,Sri Lanka,Cosmetics,Offline,L,5/9/2014,452171361,5/27/2014,6409,437.20,263.33,2802014.80,1687681.97,1114332.83
Australia and Oceania,East Timor,Snacks,Online,H,12/28/2010,464840400,2/5/2011,5459,152.58,97.44,832934.22,531924.96,301009.26
Europe,Belarus,Household,Online,M,10/19/2014,410231912,10/24/2014,5594,668.27,502.54,3738302.38,2811208.76,927093.62
Sub-Saharan Africa,Benin,Meat,Offline,H,1/21/2015,960269725,2/22/2015,4006,421.89,364.69,1690091.34,1460948.14,229143.20
Europe,Ireland,Beverages,Offline,L,4/4/2017,607190167,5/18/2017,9919,47.45,31.79,470656.55,315325.01,155331.54
Middle East and North Africa,Iran,Meat,Offline,H,8/5/2016,613542068,8/11/2016,9587,421.89,364.69,4044659.43,3496283.03,548376.40
Sub-Saharan Africa,Benin,Household,Offline,C,11/26/2016,962186753,1/12/2017,1297,668.27,502.54,866746.19,651794.38,214951.81
Sub-Saharan Africa,South Sudan,Beverages,Online,L,9/23/2011,806298053,10/24/2011,366,47.45,31.79,17366.70,11635.14,5731.56
Sub-Saharan Africa,Comoros,Personal Care,Online,L,10/24/2010,719362294,12/3/2010,4144,81.73,56.67,338689.12,234840.48,103848.64
Europe,Poland,Baby Food,Online,H,8/14/2013,445178306,9/22/2013,7008,255.28,159.42,1789002.24,1117215.36,671786.88
Europe,Bosnia and Herzegovina,Cosmetics,Offline,C,2/4/2013,247857415,2/15/2013,5372,437.20,263.33,2348638.40,1414608.76,934029.64
Sub-Saharan Africa,Namibia,Vegetables,Offline,C,8/11/2014,461823451,9/4/2014,2677,154.06,90.93,412418.62,243419.61,168999.01
Europe,Spain,Office Supplies,Offline,C,1/12/2017,141812741,1/24/2017,4396,651.21,524.96,2862719.16,2307724.16,554995.00
Middle East and North Africa,Iran,Meat,Online,C,7/3/2016,212874114,8/17/2016,3036,421.89,364.69,1280858.04,1107198.84,173659.20
Central America and the Caribbean,Guatemala,Office Supplies,Offline,C,3/27/2010,320368897,4/2/2010,3131,651.21,524.96,2038938.51,1643649.76,395288.75
Australia and Oceania,East Timor,Beverages,Online,C,6/5/2015,179970920,6/25/2015,6249,47.45,31.79,296515.05,198655.71,97859.34
Middle East and North Africa,Bahrain,Household,Online,H,6/27/2012,927666509,7/17/2012,5990,668.27,502.54,4002937.30,3010214.60,992722.70
Sub-Saharan Africa,Ethiopia,Office Supplies,Online,L,12/19/2016,169754493,1/20/2017,2982,651.21,524.96,1941908.22,1565430.72,376477.50
Australia and Oceania,Solomon Islands,Personal Care,Offline,M,3/9/2015,532846200,4/20/2015,9886,81.73,56.67,807982.78,560239.62,247743.16
Central America and the Caribbean,Belize,Snacks,Online,C,6/18/2013,213865458,7/13/2013,6397,152.58,97.44,976054.26,623323.68,352730.58
Asia,Sri Lanka,Office Supplies,Online,C,8/12/2011,630048596,9/3/2011,4236,651.21,524.96,2758525.56,2223730.56,534795.00
Central America and the Caribbean,Costa Rica,Clothes,Offline,H,4/17/2014,568944442,4/24/2014,2158,109.28,35.84,235826.24,77342.72,158483.52
Sub-Saharan Africa,Nigeria,Baby Food,Online,L,2/3/2012,238414323,2/27/2012,951,255.28,159.42,242771.28,151608.42,91162.86
Middle East and North Africa,Iran,Office Supplies,Online,L,8/1/2015,816632068,9/19/2015,8431,651.21,524.96,5490351.51,4425937.76,1064413.75
Sub-Saharan Africa,Djibouti,Baby Food,Online,C,9/11/2013,402084004,10/5/2013,4447,255.28,159.42,1135230.16,708940.74,426289.42
Asia,South Korea,Snacks,Online,L,5/8/2015,763568961,6/7/2015,5879,152.58,97.44,897017.82,572849.76,324168.06
Central America and the Caribbean,Dominica,Snacks,Offline,L,5/22/2015,590198266,6/1/2015,1637,152.58,97.44,249773.46,159509.28,90264.18
Asia,Vietnam,Snacks,Online,L,7/3/2013,441395747,8/19/2013,7665,152.58,97.44,1169525.70,746877.60,422648.10
Europe,Norway,Personal Care,Offline,H,6/16/2010,496897733,7/21/2010,1936,81.73,56.67,158229.28,109713.12,48516.16
Central America and the Caribbean,Haiti,Beverages,Online,C,11/8/2011,106753051,11/14/2011,9455,47.45,31.79,448639.75,300574.45,148065.30
Central America and the Caribbean,Jamaica,Fruits,Offline,L,10/17/2016,941323029,10/27/2016,7258,9.33,6.92,67717.14,50225.36,17491.78
Sub-Saharan Africa,Sudan,Vegetables,Offline,M,2/2/2014,241281497,3/3/2014,9412,154.06,90.93,1450012.72,855833.16,594179.56
Sub-Saharan Africa,Angola,Meat,Offline,L,4/30/2016,267614781,5/12/2016,2016,421.89,364.69,850530.24,735215.04,115315.20
Central America and the Caribbean,Panama,Cosmetics,Offline,M,8/31/2010,651621711,10/16/2010,8200,437.20,263.33,3585040.00,2159306.00,1425734.00
Europe,Greece,Personal Care,Online,M,8/8/2015,644913613,9/7/2015,3124,81.73,56.67,255324.52,177037.08,78287.44
Sub-Saharan Africa,Madagascar,Cereal,Offline,H,8/18/2016,469414317,8/19/2016,8983,205.70,117.11,1847803.10,1051999.13,795803.97
Sub-Saharan Africa,Guinea-Bissau,Clothes,Online,L,6/18/2015,867360150,7/1/2015,9998,109.28,35.84,1092581.44,358328.32,734253.12
North America,Greenland,Clothes,Online,L,1/28/2011,851299941,2/1/2011,7425,109.28,35.84,811404.00,266112.00,545292.00
Middle East and North Africa,Libya,Beverages,Offline,H,2/4/2011,854095017,3/4/2011,4550,47.45,31.79,215897.50,144644.50,71253.00
Europe,Belarus,Vegetables,Offline,C,11/3/2012,478919208,11/27/2012,1691,154.06,90.93,260515.46,153762.63,106752.83
Middle East and North Africa,Lebanon,Clothes,Offline,H,9/18/2014,749258840,11/5/2014,1196,109.28,35.84,130698.88,42864.64,87834.24
Sub-Saharan Africa,Djibouti,Baby Food,Offline,H,5/17/2012,958912742,6/28/2012,2444,255.28,159.42,623904.32,389622.48,234281.84
Central America and the Caribbean,Barbados,Personal Care,Online,C,2/20/2010,921992242,3/4/2010,6848,81.73,56.67,559687.04,388076.16,171610.88
Sub-Saharan Africa,Guinea-Bissau,Vegetables,Online,L,2/28/2017,522921168,3/2/2017,2849,154.06,90.93,438916.94,259059.57,179857.37
Europe,Finland,Personal Care,Offline,C,5/17/2013,166435849,6/7/2013,921,81.73,56.67,75273.33,52193.07,23080.26
Central America and the Caribbean,Haiti,Baby Food,Offline,L,11/9/2013,327585113,11/23/2013,8569,255.28,159.42,2187494.32,1366069.98,821424.34
Sub-Saharan Africa,Niger,Clothes,Offline,M,1/10/2012,201730287,2/19/2012,5330,109.28,35.84,582462.40,191027.20,391435.20
Central America and the Caribbean,Trinidad and Tobago,Fruits,Offline,L,9/24/2013,854545199,11/9/2013,7769,9.33,6.92,72484.77,53761.48,18723.29
Central America and the Caribbean,Grenada,Personal Care,Online,M,9/26/2010,272016179,11/8/2010,4487,81.73,56.67,366722.51,254278.29,112444.22
Central America and the Caribbean,Dominican Republic,Cereal,Offline,H,10/21/2014,110442054,11/20/2014,1113,205.70,117.11,228944.10,130343.43,98600.67
Europe,Monaco,Household,Offline,C,1/17/2016,746434152,2/5/2016,5308,668.27,502.54,3547177.16,2667482.32,879694.84
Europe,Estonia,Vegetables,Online,L,12/27/2016,826916301,1/7/2017,1764,154.06,90.93,271761.84,160400.52,111361.32
Europe,Italy,Beverages,Offline,H,8/30/2013,419124829,9/19/2013,7206,47.45,31.79,341924.70,229078.74,112845.96
Asia,Malaysia,Office Supplies,Online,C,7/7/2014,560608565,8/24/2014,5387,651.21,524.96,3508068.27,2827959.52,680108.75
Sub-Saharan Africa,Ghana,Office Supplies,Offline,L,11/29/2013,109228837,12/7/2013,2095,651.21,524.96,1364284.95,1099791.20,264493.75
Middle East and North Africa,Pakistan,Clothes,Offline,C,1/29/2011,693159472,2/5/2011,146,109.28,35.84,15954.88,5232.64,10722.24
Asia,Sri Lanka,Snacks,Offline,L,11/13/2013,860886800,11/23/2013,4390,152.58,97.44,669826.20,427761.60,242064.60
Europe,Romania,Fruits,Offline,C,4/9/2012,131209647,5/3/2012,6705,9.33,6.92,62557.65,46398.60,16159.05
Middle East and North Africa,Qatar,Office Supplies,Online,H,6/28/2012,343239343,7/13/2012,1004,651.21,524.96,653814.84,527059.84,126755.00
Sub-Saharan Africa,Cote d'Ivoire,Clothes,Online,H,6/8/2010,706399714,7/19/2010,8228,109.28,35.84,899155.84,294891.52,604264.32
Middle East and North Africa,Egypt,Office Supplies,Online,M,8/23/2010,950427091,9/14/2010,1352,651.21,524.96,880435.92,709745.92,170690.00
Middle East and North Africa,Iran,Snacks,Offline,H,12/11/2014,875370299,12/28/2014,379,152.58,97.44,57827.82,36929.76,20898.06
Middle East and North Africa,Somalia,Clothes,Online,C,1/27/2011,801590669,3/15/2011,7347,109.28,35.84,802880.16,263316.48,539563.68
Middle East and North Africa,Syria,Personal Care,Offline,C,5/7/2014,219762027,5/28/2014,1322,81.73,56.67,108047.06,74917.74,33129.32
Australia and Oceania,Solomon Islands,Cereal,Offline,C,11/8/2010,940870702,11/21/2010,3404,205.70,117.11,700202.80,398642.44,301560.36
Central America and the Caribbean,Guatemala,Fruits,Online,M,3/30/2014,346215522,5/4/2014,1721,9.33,6.92,16056.93,11909.32,4147.61
Middle East and North Africa,Kuwait,Clothes,Offline,C,7/9/2016,837407815,7/20/2016,6436,109.28,35.84,703326.08,230666.24,472659.84
Middle East and North Africa,Jordan,Meat,Online,L,7/15/2014,386371409,7/19/2014,4741,421.89,364.69,2000180.49,1728995.29,271185.20
Australia and Oceania,Marshall Islands,Beverages,Offline,H,10/14/2013,185342633,11/24/2013,5859,47.45,31.79,278009.55,186257.61,91751.94
Middle East and North Africa,Egypt,Snacks,Offline,C,1/13/2017,596870315,2/18/2017,6045,152.58,97.44,922346.10,589024.80,333321.30
Europe,Switzerland,Meat,Online,C,12/22/2012,703815782,1/7/2013,3585,421.89,364.69,1512475.65,1307413.65,205062.00
Australia and Oceania,Samoa ,Personal Care,Online,C,4/16/2010,559352862,6/4/2010,3797,81.73,56.67,310328.81,215175.99,95152.82
Europe,Portugal,Cosmetics,Offline,C,2/27/2011,736967885,3/12/2011,4029,437.20,263.33,1761478.80,1060956.57,700522.23
Europe,Albania,Clothes,Offline,C,1/14/2015,980459678,2/9/2015,8661,109.28,35.84,946474.08,310410.24,636063.84
Central America and the Caribbean,Dominica,Vegetables,Offline,C,11/16/2014,653939568,12/6/2014,4105,154.06,90.93,632416.30,373267.65,259148.65
Australia and Oceania,Tuvalu,Cosmetics,Online,H,1/17/2016,991831386,1/29/2016,3803,437.20,263.33,1662671.60,1001443.99,661227.61
Australia and Oceania,Marshall Islands,Cereal,Online,L,5/29/2017,148871457,7/6/2017,3227,205.70,117.11,663793.90,377913.97,285879.93
Europe,Bulgaria,Fruits,Online,H,2/10/2015,850108611,2/25/2015,4884,9.33,6.92,45567.72,33797.28,11770.44
Sub-Saharan Africa,Niger,Office Supplies,Offline,M,12/8/2013,940904176,1/7/2014,3309,651.21,524.96,2154853.89,1737092.64,417761.25
Central America and the Caribbean,Saint Vincent and the Grenadines,Office Supplies,Offline,H,12/10/2015,136931979,12/13/2015,70,651.21,524.96,45584.70,36747.20,8837.50
Sub-Saharan Africa,Malawi,Beverages,Offline,L,9/4/2016,474178349,9/26/2016,8766,47.45,31.79,415946.70,278671.14,137275.56
Sub-Saharan Africa,Cape Verde,Personal Care,Offline,L,7/19/2016,458942115,7/29/2016,25,81.73,56.67,2043.25,1416.75,626.50
Central America and the Caribbean,Saint Vincent and the Grenadines,Beverages,Offline,C,1/9/2017,917834603,1/13/2017,6510,47.45,31.79,308899.50,206952.90,101946.60
Europe,Greece,Personal Care,Offline,H,11/5/2016,947779643,12/5/2016,7913,81.73,56.67,646729.49,448429.71,198299.78
Europe,Monaco,Clothes,Online,L,10/31/2015,166013562,11/26/2015,5957,109.28,35.84,650980.96,213498.88,437482.08
Sub-Saharan Africa,Nigeria,Beverages,Online,L,1/25/2011,960085189,2/13/2011,9397,47.45,31.79,445887.65,298730.63,147157.02
Europe,Norway,Cosmetics,Offline,C,11/8/2015,837855851,11/8/2015,9020,437.20,263.33,3943544.00,2375236.60,1568307.40
North America,Greenland,Snacks,Offline,L,6/24/2010,977499377,8/12/2010,2643,152.58,97.44,403268.94,257533.92,145735.02
Middle East and North Africa,Tunisia ,Beverages,Online,L,2/27/2014,377502095,3/3/2014,114,47.45,31.79,5409.30,3624.06,1785.24
Asia,Uzbekistan,Meat,Offline,H,2/5/2013,806662833,3/27/2013,8313,421.89,364.69,3507171.57,3031667.97,475503.60
Central America and the Caribbean,Saint Kitts and Nevis ,Vegetables,Online,H,4/15/2017,954092919,5/11/2017,6152,154.06,90.93,947777.12,559401.36,388375.76
Central America and the Caribbean,Belize,Meat,Online,L,4/9/2011,479216182,4/26/2011,9572,421.89,364.69,4038331.08,3490812.68,547518.40
Sub-Saharan Africa,Angola,Personal Care,Online,H,12/13/2010,461768949,12/30/2010,6548,81.73,56.67,535168.04,371075.16,164092.88
Asia,Bhutan,Meat,Online,C,5/13/2014,251800048,5/22/2014,2085,421.89,364.69,879640.65,760378.65,119262.00
Central America and the Caribbean,Honduras,Personal Care,Offline,L,1/16/2013,619670808,2/25/2013,3217,81.73,56.67,262925.41,182307.39,80618.02
Sub-Saharan Africa,South Sudan,Household,Offline,H,12/9/2010,606055057,1/23/2011,4014,668.27,502.54,2682435.78,2017195.56,665240.22
Asia,Kyrgyzstan,Baby Food,Online,L,1/24/2013,671939122,2/14/2013,573,255.28,159.42,146275.44,91347.66,54927.78
Sub-Saharan Africa,Sao Tome and Principe,Cosmetics,Offline,M,2/25/2014,448621833,3/3/2014,6025,437.20,263.33,2634130.00,1586563.25,1047566.75
Sub-Saharan Africa,Madagascar,Fruits,Online,M,7/23/2017,987714517,9/11/2017,5530,9.33,6.92,51594.90,38267.60,13327.30
Sub-Saharan Africa,Senegal,Household,Online,H,5/7/2016,711141002,6/14/2016,1280,668.27,502.54,855385.60,643251.20,212134.40
Sub-Saharan Africa,Sierra Leone,Office Supplies,Online,C,3/24/2012,361137616,4/18/2012,7501,651.21,524.96,4884726.21,3937724.96,947001.25
Asia,Malaysia,Household,Offline,H,10/3/2011,750253188,11/21/2011,5446,668.27,502.54,3639398.42,2736832.84,902565.58
Central America and the Caribbean,Cuba,Office Supplies,Online,C,12/22/2014,511349046,1/2/2015,8401,651.21,524.96,5470815.21,4410188.96,1060626.25
Sub-Saharan Africa,Zimbabwe,Personal Care,Offline,L,8/23/2011,147599017,8/28/2011,6684,81.73,56.67,546283.32,378782.28,167501.04
Europe,Serbia,Beverages,Online,H,4/18/2015,682489430,5/23/2015,2644,47.45,31.79,125457.80,84052.76,41405.04
Asia,Maldives,Vegetables,Offline,M,1/11/2014,509819114,2/23/2014,5660,154.06,90.93,871979.60,514663.80,357315.80
Europe,Ireland,Office Supplies,Offline,M,2/27/2012,343699395,4/2/2012,7144,651.21,524.96,4652244.24,3750314.24,901930.00
Europe,Romania,Clothes,Offline,L,4/4/2011,968554103,4/8/2011,5537,109.28,35.84,605083.36,198446.08,406637.28
Europe,Croatia,Beverages,Online,M,12/26/2013,989119565,1/6/2014,1315,47.45,31.79,62396.75,41803.85,20592.90
Europe,Albania,Vegetables,Offline,M,9/12/2012,880444610,10/31/2012,1980,154.06,90.93,305038.80,180041.40,124997.40
Central America and the Caribbean,Dominican Republic,Vegetables,Offline,L,12/19/2015,737890565,1/15/2016,7071,154.06,90.93,1089358.26,642966.03,446392.23
Sub-Saharan Africa,Zimbabwe,Vegetables,Online,M,6/26/2014,727131259,8/9/2014,3153,154.06,90.93,485751.18,286702.29,199048.89
Sub-Saharan Africa,Ghana,Office Supplies,Offline,L,3/2/2015,634153020,3/11/2015,8826,651.21,524.96,5747579.46,4633296.96,1114282.50
Asia,Laos,Beverages,Online,H,8/17/2014,315254676,9/8/2014,9719,47.45,31.79,461166.55,308967.01,152199.54
Central America and the Caribbean,Panama,Personal Care,Offline,M,7/19/2010,147047555,9/3/2010,3494,81.73,56.67,285564.62,198004.98,87559.64
Sub-Saharan Africa,Angola,Household,Online,L,1/14/2013,576455485,2/13/2013,4843,668.27,502.54,3236431.61,2433801.22,802630.39
Middle East and North Africa,Syria,Snacks,Offline,L,7/19/2010,770714795,8/26/2010,490,152.58,97.44,74764.20,47745.60,27018.60
Sub-Saharan Africa,Sierra Leone,Cosmetics,Offline,H,7/11/2011,867374312,8/3/2011,4189,437.20,263.33,1831430.80,1103089.37,728341.43
Sub-Saharan Africa,Uganda,Fruits,Online,L,5/4/2010,624295365,6/23/2010,1727,9.33,6.92,16112.91,11950.84,4162.07
Asia,Taiwan,Clothes,Offline,M,10/13/2013,769651782,11/3/2013,5921,109.28,35.84,647046.88,212208.64,434838.24
Middle East and North Africa,Azerbaijan,Vegetables,Online,C,7/27/2014,751929891,8/1/2014,1619,154.06,90.93,249423.14,147215.67,102207.47
Asia,Maldives,Office Supplies,Online,H,4/4/2010,989928519,4/11/2010,702,651.21,524.96,457149.42,368521.92,88627.50
Sub-Saharan Africa,Mauritania,Meat,Offline,H,8/17/2014,622758996,10/1/2014,7081,421.89,364.69,2987403.09,2582369.89,405033.20
Sub-Saharan Africa,Burundi,Baby Food,Online,H,1/4/2016,659845149,1/29/2016,1698,255.28,159.42,433465.44,270695.16,162770.28
Sub-Saharan Africa,Zambia,Baby Food,Offline,H,5/17/2011,830923306,6/5/2011,7526,255.28,159.42,1921237.28,1199794.92,721442.36
Asia,Singapore,Beverages,Offline,L,2/12/2010,936042296,3/17/2010,4571,47.45,31.79,216893.95,145312.09,71581.86
Sub-Saharan Africa,Ghana,Household,Online,L,2/17/2015,395563447,3/30/2015,4869,668.27,502.54,3253806.63,2446867.26,806939.37
Sub-Saharan Africa,Guinea,Meat,Offline,M,6/7/2011,500160586,6/7/2011,7487,421.89,364.69,3158690.43,2730434.03,428256.40
Sub-Saharan Africa,Zambia,Fruits,Online,L,5/26/2015,360820043,7/2/2015,3524,9.33,6.92,32878.92,24386.08,8492.84
Europe,Georgia,Snacks,Online,C,5/24/2010,958840644,6/2/2010,1109,152.58,97.44,169211.22,108060.96,61150.26
Middle East and North Africa,Bahrain,Baby Food,Online,M,2/21/2011,195833718,4/7/2011,404,255.28,159.42,103133.12,64405.68,38727.44
Sub-Saharan Africa,Lesotho,Personal Care,Offline,M,6/28/2014,543723094,7/2/2014,8601,81.73,56.67,702959.73,487418.67,215541.06
Central America and the Caribbean,Barbados,Cosmetics,Offline,H,10/15/2010,494745099,10/30/2010,4924,437.20,263.33,2152772.80,1296636.92,856135.88
Middle East and North Africa,Saudi Arabia,Vegetables,Online,H,5/18/2010,411448562,6/30/2010,5628,154.06,90.93,867049.68,511754.04,355295.64
Europe,Macedonia,Personal Care,Offline,H,2/2/2017,276694810,2/16/2017,8998,81.73,56.67,735406.54,509916.66,225489.88
Asia,Turkmenistan,Office Supplies,Offline,M,11/24/2016,143657672,1/8/2017,352,651.21,524.96,229225.92,184785.92,44440.00
Europe,Albania,Baby Food,Online,L,12/23/2011,585823476,1/6/2012,7040,255.28,159.42,1797171.20,1122316.80,674854.40
Middle East and North Africa,Afghanistan,Clothes,Online,C,12/5/2016,446991050,1/16/2017,3440,109.28,35.84,375923.20,123289.60,252633.60
Australia and Oceania,Kiribati,Clothes,Offline,M,2/16/2017,891271722,2/22/2017,5963,109.28,35.84,651636.64,213713.92,437922.72
Middle East and North Africa,Morocco,Cosmetics,Online,C,5/18/2010,453089320,6/16/2010,8053,437.20,263.33,3520771.60,2120596.49,1400175.11
Europe,Norway,Baby Food,Offline,L,9/7/2010,887180173,10/18/2010,5183,255.28,159.42,1323116.24,826273.86,496842.38
Europe,Sweden,Cosmetics,Online,L,3/12/2014,418593108,3/25/2014,9858,437.20,263.33,4309917.60,2595907.14,1714010.46
Asia,Tajikistan,Personal Care,Online,M,7/16/2010,492689454,8/16/2010,6613,81.73,56.67,540480.49,374758.71,165721.78
Europe,Netherlands,Cosmetics,Online,M,12/5/2016,825143039,12/20/2016,7017,437.20,263.33,3067832.40,1847786.61,1220045.79
Europe,Spain,Vegetables,Online,L,10/8/2013,751940190,10/10/2013,4667,154.06,90.93,718998.02,424370.31,294627.71
Sub-Saharan Africa,Chad,Baby Food,Offline,H,8/9/2016,579379737,8/26/2016,194,255.28,159.42,49524.32,30927.48,18596.84
Europe,Ireland,Meat,Online,C,10/6/2011,234073007,11/20/2011,6259,421.89,364.69,2640609.51,2282594.71,358014.80
Middle East and North Africa,Pakistan,Meat,Online,C,2/17/2013,612943828,3/1/2013,2554,421.89,364.69,1077507.06,931418.26,146088.80
Sub-Saharan Africa,Mozambique,Fruits,Online,C,12/14/2012,433228528,12/21/2012,804,9.33,6.92,7501.32,5563.68,1937.64
Middle East and North Africa,Bahrain,Fruits,Online,L,11/20/2015,282475936,11/28/2015,9762,9.33,6.92,91079.46,67553.04,23526.42
Asia,Tajikistan,Meat,Online,M,7/7/2012,368547379,7/12/2012,214,421.89,364.69,90284.46,78043.66,12240.80
Australia and Oceania,New Zealand,Meat,Offline,H,6/2/2013,969616687,6/28/2013,9980,421.89,364.69,4210462.20,3639606.20,570856.00
Sub-Saharan Africa,Niger,Baby Food,Online,L,2/4/2015,184170186,2/17/2015,8906,255.28,159.42,2273523.68,1419794.52,853729.16
Europe,Armenia,Fruits,Online,C,4/28/2011,681006705,6/14/2011,3872,9.33,6.92,36125.76,26794.24,9331.52
Sub-Saharan Africa,Gabon,Baby Food,Online,L,2/1/2012,249237573,2/21/2012,3791,255.28,159.42,967766.48,604361.22,363405.26
Asia,Kyrgyzstan,Vegetables,Offline,H,1/29/2017,348286616,2/13/2017,4604,154.06,90.93,709292.24,418641.72,290650.52
Australia and Oceania,Fiji,Clothes,Offline,L,12/1/2011,257890164,12/29/2011,4285,109.28,35.84,468264.80,153574.40,314690.40
Europe,Romania,Cosmetics,Online,H,5/8/2017,228097045,6/17/2017,7839,437.20,263.33,3427210.80,2064243.87,1362966.93
Sub-Saharan Africa,Botswana,Cereal,Online,C,5/3/2017,129268586,6/21/2017,2302,205.70,117.11,473521.40,269587.22,203934.18
Australia and Oceania,Fiji,Cosmetics,Online,M,10/31/2015,802078616,12/9/2015,1741,437.20,263.33,761165.20,458457.53,302707.67
Europe,Vatican City,Clothes,Offline,C,4/11/2010,907513463,4/19/2010,2256,109.28,35.84,246535.68,80855.04,165680.64
Asia,Thailand,Vegetables,Online,L,7/17/2010,976871955,8/31/2010,6975,154.06,90.93,1074568.50,634236.75,440331.75
Europe,Belarus,Cereal,Offline,C,5/31/2012,261765420,7/17/2012,1060,205.70,117.11,218042.00,124136.60,93905.40
Australia and Oceania,Solomon Islands,Vegetables,Offline,L,7/15/2016,784117686,7/17/2016,6703,154.06,90.93,1032664.18,609503.79,423160.39
Asia,China,Cosmetics,Offline,M,1/14/2017,586165082,1/27/2017,8128,437.20,263.33,3553561.60,2140346.24,1413215.36
Sub-Saharan Africa,Angola,Snacks,Online,C,11/26/2012,480456435,12/16/2012,6591,152.58,97.44,1005654.78,642227.04,363427.74
Asia,Cambodia,Cereal,Online,L,10/3/2011,899853074,10/26/2011,5376,205.70,117.11,1105843.20,629583.36,476259.84
Central America and the Caribbean,Guatemala,Baby Food,Offline,L,11/30/2010,547528827,12/15/2010,4802,255.28,159.42,1225854.56,765534.84,460319.72
Sub-Saharan Africa,Namibia,Vegetables,Online,L,5/8/2016,446970021,5/9/2016,7217,154.06,90.93,1111851.02,656241.81,455609.21
Europe,Serbia,Beverages,Offline,H,2/27/2016,791975486,3/20/2016,2001,47.45,31.79,94947.45,63611.79,31335.66
Middle East and North Africa,Turkey,Vegetables,Offline,M,8/24/2014,496656548,9/29/2014,564,154.06,90.93,86889.84,51284.52,35605.32
Middle East and North Africa,Pakistan,Vegetables,Offline,C,5/26/2013,345437037,6/30/2013,1351,154.06,90.93,208135.06,122846.43,85288.63
Europe,Georgia,Vegetables,Offline,H,1/26/2015,743053281,2/23/2015,4833,154.06,90.93,744571.98,439464.69,305107.29
Australia and Oceania,Vanuatu,Snacks,Offline,L,1/7/2012,364554107,1/18/2012,8516,152.58,97.44,1299371.28,829799.04,469572.24
Europe,Luxembourg,Cosmetics,Online,H,10/21/2012,205300843,12/3/2012,1937,437.20,263.33,846856.40,510070.21,336786.19
Middle East and North Africa,Saudi Arabia,Household,Online,M,9/16/2015,430967319,10/5/2015,1661,668.27,502.54,1109996.47,834718.94,275277.53
Australia and Oceania,Vanuatu,Meat,Offline,H,6/28/2012,827539861,7/1/2012,6289,421.89,364.69,2653266.21,2293535.41,359730.80
Central America and the Caribbean,Haiti,Snacks,Offline,H,12/2/2014,351317298,1/14/2015,1450,152.58,97.44,221241.00,141288.00,79953.00
Sub-Saharan Africa,Tanzania,Household,Offline,C,2/4/2013,278910958,2/4/2013,4805,668.27,502.54,3211037.35,2414704.70,796332.65
Asia,North Korea,Cosmetics,Offline,C,2/17/2017,157244670,3/15/2017,1047,437.20,263.33,457748.40,275706.51,182041.89
Middle East and North Africa,Bahrain,Beverages,Online,L,6/24/2015,953554761,7/28/2015,6899,47.45,31.79,327357.55,219319.21,108038.34
Sub-Saharan Africa,Cote d'Ivoire,Cereal,Online,L,7/30/2016,105390059,8/25/2016,6115,205.70,117.11,1257855.50,716127.65,541727.85
Asia,Singapore,Cosmetics,Offline,L,10/23/2014,970611894,11/10/2014,4483,437.20,263.33,1959967.60,1180508.39,779459.21
Asia,Malaysia,Baby Food,Offline,M,12/16/2016,677394092,12/29/2016,4820,255.28,159.42,1230449.60,768404.40,462045.20
Europe,Albania,Baby Food,Online,L,9/28/2015,474222981,10/26/2015,1973,255.28,159.42,503667.44,314535.66,189131.78
Sub-Saharan Africa,Gabon,Snacks,Online,L,4/16/2016,779897391,5/5/2016,7824,152.58,97.44,1193785.92,762370.56,431415.36
Europe,Poland,Snacks,Offline,L,3/27/2017,733528649,3/30/2017,6283,152.58,97.44,958660.14,612215.52,346444.62
Sub-Saharan Africa,Chad,Office Supplies,Online,H,6/25/2014,444540584,8/2/2014,8292,651.21,524.96,5399833.32,4352968.32,1046865.00
Sub-Saharan Africa,Republic of the Congo,Clothes,Online,H,7/29/2012,542669522,9/11/2012,6826,109.28,35.84,745945.28,244643.84,501301.44
Asia,Philippines,Fruits,Offline,L,5/4/2013,827964293,6/1/2013,1888,9.33,6.92,17615.04,13064.96,4550.08
Europe,France,Snacks,Offline,M,2/2/2012,720786225,2/15/2012,5516,152.58,97.44,841631.28,537479.04,304152.24
Europe,Germany,Household,Offline,H,7/24/2016,611809146,8/1/2016,6777,668.27,502.54,4528865.79,3405713.58,1123152.21
Sub-Saharan Africa,Uganda,Personal Care,Online,M,11/4/2012,512019383,12/12/2012,6769,81.73,56.67,553230.37,383599.23,169631.14
Middle East and North Africa,Bahrain,Personal Care,Online,C,8/5/2014,502715766,8/17/2014,3621,81.73,56.67,295944.33,205202.07,90742.26
Middle East and North Africa,Jordan,Office Supplies,Offline,M,10/22/2013,285509622,10/28/2013,7497,651.21,524.96,4882121.37,3935625.12,946496.25
Europe,Montenegro,Beverages,Offline,L,12/1/2014,532324779,1/3/2015,5586,47.45,31.79,265055.70,177578.94,87476.76
Middle East and North Africa,Tunisia ,Personal Care,Offline,H,11/2/2015,635397565,11/21/2015,7114,81.73,56.67,581427.22,403150.38,178276.84
Europe,Germany,Cereal,Offline,M,10/7/2011,957276809,11/4/2011,8335,205.70,117.11,1714509.50,976111.85,738397.65
Europe,Italy,Snacks,Online,L,2/9/2014,580823838,3/21/2014,7536,152.58,97.44,1149842.88,734307.84,415535.04
Europe,France,Office Supplies,Offline,H,5/29/2016,459212481,6/16/2016,33,651.21,524.96,21489.93,17323.68,4166.25
Middle East and North Africa,Algeria,Baby Food,Online,L,4/8/2013,265929067,5/23/2013,3175,255.28,159.42,810514.00,506158.50,304355.50
Asia,Myanmar,Beverages,Online,H,9/20/2011,644772422,10/26/2011,1343,47.45,31.79,63725.35,42693.97,21031.38
Europe,France,Vegetables,Offline,C,4/12/2012,959853875,5/4/2012,947,154.06,90.93,145894.82,86110.71,59784.11
Europe,Spain,Vegetables,Online,C,10/2/2012,645597255,10/25/2012,5429,154.06,90.93,836391.74,493658.97,342732.77
Asia,Cambodia,Baby Food,Offline,C,1/2/2012,556738889,1/25/2012,264,255.28,159.42,67393.92,42086.88,25307.04
Sub-Saharan Africa,The Gambia,Vegetables,Online,M,9/30/2013,718327605,11/10/2013,7956,154.06,90.93,1225701.36,723439.08,502262.28
Europe,Russia,Baby Food,Offline,L,3/10/2015,775724732,3/20/2015,3041,255.28,159.42,776306.48,484796.22,291510.26
Europe,Belarus,Baby Food,Offline,H,10/26/2010,444604098,10/31/2010,7088,255.28,159.42,1809424.64,1129968.96,679455.68
Middle East and North Africa,Turkey,Beverages,Online,C,5/2/2011,860952031,5/13/2011,3693,47.45,31.79,175232.85,117400.47,57832.38
Sub-Saharan Africa,Kenya,Meat,Offline,C,2/19/2017,531067359,2/20/2017,3488,421.89,364.69,1471552.32,1272038.72,199513.60
Middle East and North Africa,Iran,Cosmetics,Offline,M,7/20/2014,281561410,8/2/2014,9133,437.20,263.33,3992947.60,2404992.89,1587954.71
Asia,Vietnam,Personal Care,Offline,L,6/18/2017,109358012,7/10/2017,321,81.73,56.67,26235.33,18191.07,8044.26
Europe,Albania,Beverages,Online,L,7/19/2010,531693494,8/6/2010,8775,47.45,31.79,416373.75,278957.25,137416.50
Central America and the Caribbean,Antigua and Barbuda ,Clothes,Offline,C,8/9/2013,336116683,9/4/2013,3251,109.28,35.84,355269.28,116515.84,238753.44
Sub-Saharan Africa,Senegal,Cereal,Offline,M,3/23/2017,630488908,4/30/2017,4534,205.70,117.11,932643.80,530976.74,401667.06
Europe,Netherlands,Fruits,Online,L,10/31/2016,792983996,12/2/2016,441,9.33,6.92,4114.53,3051.72,1062.81
Europe,Russia,Fruits,Online,C,7/3/2016,722088277,7/3/2016,822,9.33,6.92,7669.26,5688.24,1981.02
Europe,Slovakia,Cosmetics,Online,H,1/7/2010,386600577,1/29/2010,2557,437.20,263.33,1117920.40,673334.81,444585.59
Australia and Oceania,East Timor,Beverages,Offline,L,12/6/2014,275632226,1/18/2015,4556,47.45,31.79,216182.20,144835.24,71346.96
Central America and the Caribbean,Haiti,Vegetables,Offline,H,10/16/2015,948607051,11/27/2015,2761,154.06,90.93,425359.66,251057.73,174301.93
Middle East and North Africa,Yemen,Cereal,Online,H,5/10/2013,785261380,5/26/2013,5147,205.70,117.11,1058737.90,602765.17,455972.73
Australia and Oceania,Tuvalu,Cereal,Online,C,3/27/2013,935644042,5/15/2013,6719,205.70,117.11,1382098.30,786862.09,595236.21
Sub-Saharan Africa,Liberia,Snacks,Offline,M,7/13/2014,370116364,8/17/2014,4512,152.58,97.44,688440.96,439649.28,248791.68
Asia,North Korea,Beverages,Online,C,8/16/2013,829352176,8/26/2013,2594,47.45,31.79,123085.30,82463.26,40622.04
Asia,North Korea,Household,Online,M,7/14/2015,974337804,8/7/2015,7063,668.27,502.54,4719991.01,3549440.02,1170550.99
Europe,Romania,Household,Online,H,12/23/2014,436372077,1/3/2015,1050,668.27,502.54,701683.50,527667.00,174016.50
Sub-Saharan Africa,Sao Tome and Principe,Cereal,Offline,M,4/27/2015,267066323,5/19/2015,9715,205.70,117.11,1998375.50,1137723.65,860651.85
Middle East and North Africa,Bahrain,Fruits,Online,M,3/14/2017,688344371,4/28/2017,5251,9.33,6.92,48991.83,36336.92,12654.91
Middle East and North Africa,Somalia,Cosmetics,Offline,M,10/2/2014,642442548,11/2/2014,1881,437.20,263.33,822373.20,495323.73,327049.47
Europe,Cyprus,Cereal,Online,C,7/13/2014,941909682,8/1/2014,861,205.70,117.11,177107.70,100831.71,76275.99
Europe,United Kingdom,Beverages,Offline,C,7/31/2016,219607102,8/13/2016,5477,47.45,31.79,259883.65,174113.83,85769.82
Europe,Germany,Personal Care,Offline,H,8/30/2010,778708636,9/2/2010,6045,81.73,56.67,494057.85,342570.15,151487.70
Middle East and North Africa,Somalia,Beverages,Online,M,4/22/2010,942700612,6/6/2010,4915,47.45,31.79,233216.75,156247.85,76968.90
Australia and Oceania,New Zealand,Household,Offline,H,3/9/2011,905381858,4/8/2011,1466,668.27,502.54,979683.82,736723.64,242960.18
Middle East and North Africa,Kuwait,Meat,Online,C,1/13/2010,480863702,1/28/2010,7110,421.89,364.69,2999637.90,2592945.90,406692.00
Asia,Japan,Cosmetics,Online,L,1/6/2016,453569972,2/19/2016,289,437.20,263.33,126350.80,76102.37,50248.43
Europe,Norway,Baby Food,Offline,H,8/17/2016,328236997,9/10/2016,1476,255.28,159.42,376793.28,235303.92,141489.36
Sub-Saharan Africa,Lesotho,Personal Care,Offline,C,10/22/2011,579913604,10/23/2011,8177,81.73,56.67,668306.21,463390.59,204915.62
Europe,Belgium,Cosmetics,Online,H,2/12/2010,403961122,3/20/2010,9928,437.20,263.33,4340521.60,2614340.24,1726181.36
Central America and the Caribbean,Honduras,Cosmetics,Offline,L,5/29/2017,866053378,6/22/2017,3295,437.20,263.33,1440574.00,867672.35,572901.65
Europe,Austria,Household,Offline,C,4/17/2010,852176702,5/13/2010,6878,668.27,502.54,4596361.06,3456470.12,1139890.94
Middle East and North Africa,Oman,Baby Food,Online,M,9/8/2015,218629920,10/20/2015,6307,255.28,159.42,1610050.96,1005461.94,604589.02
Middle East and North Africa,Oman,Baby Food,Offline,C,2/13/2016,242024362,3/17/2016,9242,255.28,159.42,2359297.76,1473359.64,885938.12
Europe,Spain,Snacks,Offline,M,2/16/2014,469283854,2/16/2014,376,152.58,97.44,57370.08,36637.44,20732.64
Middle East and North Africa,Afghanistan,Fruits,Online,C,4/22/2013,967644727,4/30/2013,6433,9.33,6.92,60019.89,44516.36,15503.53
Central America and the Caribbean,Saint Vincent and the Grenadines,Cosmetics,Offline,L,7/15/2014,974655807,7/23/2014,1167,437.20,263.33,510212.40,307306.11,202906.29
Europe,Iceland,Vegetables,Online,M,3/7/2012,248178422,3/22/2012,365,154.06,90.93,56231.90,33189.45,23042.45
Asia,Myanmar,Vegetables,Offline,L,1/14/2013,416386401,2/16/2013,6844,154.06,90.93,1054386.64,622324.92,432061.72
Europe,Netherlands,Snacks,Offline,L,5/22/2017,927766072,6/20/2017,5453,152.58,97.44,832018.74,531340.32,300678.42
Europe,Slovakia,Vegetables,Online,M,3/23/2015,401116263,3/31/2015,8071,154.06,90.93,1243418.26,733896.03,509522.23
Middle East and North Africa,Bahrain,Fruits,Offline,H,9/28/2012,675548303,11/6/2012,8610,9.33,6.92,80331.30,59581.20,20750.10
Sub-Saharan Africa,Lesotho,Baby Food,Online,L,6/6/2013,960486018,7/4/2013,8012,255.28,159.42,2045303.36,1277273.04,768030.32
Central America and the Caribbean,Cuba,Clothes,Offline,L,4/2/2014,985665738,5/19/2014,9250,109.28,35.84,1010840.00,331520.00,679320.00
Middle East and North Africa,Afghanistan,Clothes,Offline,C,1/13/2017,551136291,1/13/2017,2331,109.28,35.84,254731.68,83543.04,171188.64
Australia and Oceania,Vanuatu,Cereal,Online,L,2/3/2017,877259004,2/16/2017,9289,205.70,117.11,1910747.30,1087834.79,822912.51
Asia,Bhutan,Beverages,Offline,M,8/5/2014,554707705,9/19/2014,9192,47.45,31.79,436160.40,292213.68,143946.72
Australia and Oceania,Palau,Cereal,Offline,L,10/6/2010,494468724,10/23/2010,3139,205.70,117.11,645692.30,367608.29,278084.01
Asia,Indonesia,Personal Care,Online,H,9/10/2011,777840888,10/23/2011,9259,81.73,56.67,756738.07,524707.53,232030.54
Europe,Andorra,Baby Food,Offline,C,12/12/2016,206435525,1/27/2017,7714,255.28,159.42,1969229.92,1229765.88,739464.04
Middle East and North Africa,Algeria,Office Supplies,Online,C,10/26/2015,352176463,12/5/2015,5696,651.21,524.96,3709292.16,2990172.16,719120.00
Australia and Oceania,Vanuatu,Cosmetics,Offline,C,10/14/2013,607300031,10/14/2013,2429,437.20,263.33,1061958.80,639628.57,422330.23
North America,Mexico,Baby Food,Online,H,8/17/2013,434355056,9/28/2013,4168,255.28,159.42,1064007.04,664462.56,399544.48
Europe,Macedonia,Fruits,Offline,M,8/7/2011,716202867,9/20/2011,9199,9.33,6.92,85826.67,63657.08,22169.59
Central America and the Caribbean,Panama,Personal Care,Online,H,5/22/2016,606017291,6/12/2016,2838,81.73,56.67,231949.74,160829.46,71120.28
Asia,Nepal,Cereal,Offline,H,1/13/2015,677284657,1/15/2015,2436,205.70,117.11,501085.20,285279.96,215805.24
Asia,Nepal,Fruits,Online,C,7/22/2014,673803794,7/29/2014,2371,9.33,6.92,22121.43,16407.32,5714.11
Sub-Saharan Africa,Mauritius ,Cereal,Offline,C,6/25/2015,859686028,7/10/2015,9055,205.70,117.11,1862613.50,1060431.05,802182.45
Sub-Saharan Africa,Sao Tome and Principe,Clothes,Online,H,8/10/2015,669355189,9/26/2015,5930,109.28,35.84,648030.40,212531.20,435499.20
Central America and the Caribbean,Saint Vincent and the Grenadines,Fruits,Offline,L,10/19/2013,957547605,11/21/2013,8470,9.33,6.92,79025.10,58612.40,20412.70
Asia,Maldives,Personal Care,Online,M,10/9/2013,849312102,11/23/2013,9180,81.73,56.67,750281.40,520230.60,230050.80
Sub-Saharan Africa,Swaziland,Personal Care,Offline,H,9/26/2012,890010011,10/14/2012,2595,81.73,56.67,212089.35,147058.65,65030.70
Middle East and North Africa,Morocco,Cereal,Online,H,10/2/2012,795315158,10/26/2012,284,205.70,117.11,58418.80,33259.24,25159.56
Asia,Maldives,Clothes,Offline,M,12/11/2016,801213872,1/28/2017,5844,109.28,35.84,638632.32,209448.96,429183.36
Sub-Saharan Africa,Zimbabwe,Fruits,Offline,C,7/26/2010,314004981,8/9/2010,9907,9.33,6.92,92432.31,68556.44,23875.87
Asia,India,Cereal,Online,C,3/27/2010,160299813,4/6/2010,5132,205.70,117.11,1055652.40,601008.52,454643.88
Asia,Tajikistan,Beverages,Offline,C,9/11/2014,337022197,9/22/2014,1212,47.45,31.79,57509.40,38529.48,18979.92
Sub-Saharan Africa,Lesotho,Snacks,Offline,M,3/9/2016,461408460,3/15/2016,9872,152.58,97.44,1506269.76,961927.68,544342.08
Asia,Bhutan,Office Supplies,Offline,M,10/19/2011,221007430,11/10/2011,9865,651.21,524.96,6424186.65,5178730.40,1245456.25
Central America and the Caribbean,Trinidad and Tobago,Snacks,Offline,L,10/31/2014,723680436,12/20/2014,1978,152.58,97.44,301803.24,192736.32,109066.92
Australia and Oceania,Tuvalu,Fruits,Offline,L,2/23/2013,447601306,3/11/2013,4028,9.33,6.92,37581.24,27873.76,9707.48
Middle East and North Africa,Iraq,Clothes,Offline,L,10/25/2010,191256368,11/9/2010,5864,109.28,35.84,640817.92,210165.76,430652.16
Sub-Saharan Africa,The Gambia,Vegetables,Offline,L,10/4/2016,823444449,10/30/2016,4366,154.06,90.93,672625.96,397000.38,275625.58
Middle East and North Africa,Bahrain,Beverages,Online,C,9/4/2010,133276879,10/17/2010,8445,47.45,31.79,400715.25,268466.55,132248.70
Middle East and North Africa,Qatar,Meat,Online,H,12/22/2014,480177485,2/7/2015,4043,421.89,364.69,1705701.27,1474441.67,231259.60
Sub-Saharan Africa,Angola,Household,Offline,H,4/8/2015,243882596,5/11/2015,9135,668.27,502.54,6104646.45,4590702.90,1513943.55
Central America and the Caribbean,Costa Rica,Cosmetics,Online,L,3/2/2017,574441039,4/6/2017,8724,437.20,263.33,3814132.80,2297290.92,1516841.88
Australia and Oceania,Papua New Guinea,Household,Online,M,3/14/2012,442214143,5/3/2012,9847,668.27,502.54,6580454.69,4948511.38,1631943.31
Middle East and North Africa,Qatar,Clothes,Offline,C,11/22/2011,687875735,12/2/2011,6571,109.28,35.84,718078.88,235504.64,482574.24
Central America and the Caribbean,Saint Kitts and Nevis ,Clothes,Offline,H,9/8/2013,872412145,9/25/2013,4995,109.28,35.84,545853.60,179020.80,366832.80
Sub-Saharan Africa,Sierra Leone,Fruits,Offline,C,4/23/2012,627122199,4/29/2012,8250,9.33,6.92,76972.50,57090.00,19882.50
Europe,Russia,Fruits,Online,M,2/14/2011,103617227,3/12/2011,1495,9.33,6.92,13948.35,10345.40,3602.95
Europe,Lithuania,Vegetables,Offline,M,10/6/2010,423821055,10/22/2010,6923,154.06,90.93,1066557.38,629508.39,437048.99
Europe,United Kingdom,Vegetables,Online,L,12/8/2012,529970014,1/3/2013,8759,154.06,90.93,1349411.54,796455.87,552955.67
Asia,Indonesia,Personal Care,Offline,H,8/17/2016,334612929,10/3/2016,8256,81.73,56.67,674762.88,467867.52,206895.36
Asia,Mongolia,Beverages,Offline,M,4/23/2014,270611131,5/24/2014,8702,47.45,31.79,412909.90,276636.58,136273.32
Middle East and North Africa,Egypt,Office Supplies,Online,C,11/18/2010,841138446,12/8/2010,413,651.21,524.96,268949.73,216808.48,52141.25
Sub-Saharan Africa,Comoros,Household,Online,M,4/22/2012,369681203,5/9/2012,5738,668.27,502.54,3834533.26,2883574.52,950958.74
Europe,Slovenia,Household,Offline,M,4/5/2014,850038230,4/21/2014,4057,668.27,502.54,2711171.39,2038804.78,672366.61
Middle East and North Africa,Lebanon,Beverages,Online,M,6/21/2013,296320855,7/13/2013,6781,47.45,31.79,321758.45,215567.99,106190.46
Australia and Oceania,Australia,Cosmetics,Offline,L,7/13/2011,392952907,8/13/2011,2352,437.20,263.33,1028294.40,619352.16,408942.24
Central America and the Caribbean,Haiti,Snacks,Online,M,2/1/2011,644670712,3/21/2011,1245,152.58,97.44,189962.10,121312.80,68649.30
Central America and the Caribbean,Saint Kitts and Nevis ,Meat,Online,L,1/27/2012,626523101,2/16/2012,963,421.89,364.69,406280.07,351196.47,55083.60
Middle East and North Africa,Syria,Vegetables,Offline,M,6/24/2015,433871400,7/1/2015,1044,154.06,90.93,160838.64,94930.92,65907.72
Asia,Laos,Snacks,Offline,M,1/3/2012,232389438,1/8/2012,8054,152.58,97.44,1228879.32,784781.76,444097.56
Central America and the Caribbean,Saint Kitts and Nevis ,Cereal,Offline,H,2/21/2016,708063542,3/19/2016,592,205.70,117.11,121774.40,69329.12,52445.28
Sub-Saharan Africa,Sudan,Vegetables,Offline,H,12/4/2016,817192542,12/22/2016,4288,154.06,90.93,660609.28,389907.84,270701.44
Central America and the Caribbean,Guatemala,Meat,Offline,H,1/16/2012,936387765,2/29/2012,6803,421.89,364.69,2870117.67,2480986.07,389131.60
Asia,Brunei,Clothes,Offline,H,8/6/2011,612573039,8/9/2011,2830,109.28,35.84,309262.40,101427.20,207835.20
Middle East and North Africa,Jordan,Clothes,Online,M,8/12/2011,812984693,8/22/2011,9092,109.28,35.84,993573.76,325857.28,667716.48
Central America and the Caribbean,Panama,Meat,Offline,C,12/18/2012,775171554,1/5/2013,9344,421.89,364.69,3942140.16,3407663.36,534476.80
Sub-Saharan Africa,Central African Republic,Household,Online,H,1/10/2010,256994950,2/19/2010,9372,668.27,502.54,6263026.44,4709804.88,1553221.56
Middle East and North Africa,Bahrain,Beverages,Offline,M,2/28/2017,886628711,3/31/2017,1993,47.45,31.79,94567.85,63357.47,31210.38
Sub-Saharan Africa,Burundi,Beverages,Online,C,12/8/2011,312559163,12/16/2011,2057,47.45,31.79,97604.65,65392.03,32212.62
Europe,Austria,Cereal,Online,L,8/18/2014,753585135,9/13/2014,1443,205.70,117.11,296825.10,168989.73,127835.37
Australia and Oceania,Fiji,Beverages,Offline,H,4/19/2016,448817956,4/22/2016,4062,47.45,31.79,192741.90,129130.98,63610.92
Australia and Oceania,Fiji,Clothes,Offline,M,11/6/2012,407681453,12/24/2012,856,109.28,35.84,93543.68,30679.04,62864.64
Europe,Switzerland,Snacks,Online,H,5/27/2016,359911954,6/23/2016,4800,152.58,97.44,732384.00,467712.00,264672.00
Middle East and North Africa,Yemen,Office Supplies,Offline,M,8/18/2013,105558288,8/19/2013,5898,651.21,524.96,3840836.58,3096214.08,744622.50
Sub-Saharan Africa,Comoros,Personal Care,Offline,H,12/31/2014,864981782,2/11/2015,6186,81.73,56.67,505581.78,350560.62,155021.16
Sub-Saharan Africa,Democratic Republic of the Congo,Office Supplies,Online,C,2/4/2013,328856265,2/12/2013,4732,651.21,524.96,3081525.72,2484110.72,597415.00
Asia,Mongolia,Clothes,Offline,H,9/23/2016,308168065,10/18/2016,2633,109.28,35.84,287734.24,94366.72,193367.52
Australia and Oceania,Palau,Household,Offline,L,11/1/2016,884216010,11/2/2016,8021,668.27,502.54,5360193.67,4030873.34,1329320.33
Europe,Monaco,Snacks,Offline,M,12/27/2012,858611428,1/9/2013,1057,152.58,97.44,161277.06,102994.08,58282.98
Australia and Oceania,Fiji,Cereal,Online,L,3/10/2017,903278148,4/3/2017,8932,205.70,117.11,1837312.40,1046026.52,791285.88
Sub-Saharan Africa,Mali,Beverages,Online,L,3/17/2012,410452497,3/26/2012,870,47.45,31.79,41281.50,27657.30,13624.20
Sub-Saharan Africa,Liberia,Cereal,Offline,H,12/17/2015,642683303,1/20/2016,3126,205.70,117.11,643018.20,366085.86,276932.34
Europe,Switzerland,Beverages,Offline,L,2/18/2017,682831895,3/16/2017,3987,47.45,31.79,189183.15,126746.73,62436.42
Australia and Oceania,Samoa ,Baby Food,Online,L,11/5/2016,584072101,11/5/2016,8769,255.28,159.42,2238550.32,1397953.98,840596.34
Asia,Nepal,Meat,Offline,C,4/9/2017,919890248,5/18/2017,4821,421.89,364.69,2033931.69,1758170.49,275761.20
Middle East and North Africa,Azerbaijan,Snacks,Offline,C,4/18/2010,534085166,4/25/2010,6524,152.58,97.44,995431.92,635698.56,359733.36
Europe,Georgia,Baby Food,Offline,H,8/1/2011,590768182,9/7/2011,288,255.28,159.42,73520.64,45912.96,27607.68
Middle East and North Africa,United Arab Emirates,Vegetables,Online,C,5/12/2011,524363124,6/28/2011,9556,154.06,90.93,1472197.36,868927.08,603270.28
Europe,Finland,Household,Offline,L,1/25/2016,289606320,2/14/2016,9801,668.27,502.54,6549714.27,4925394.54,1624319.73
Europe,Portugal,Cereal,Offline,C,4/10/2014,811546599,5/8/2014,3528,205.70,117.11,725709.60,413164.08,312545.52
